formula_id, spec                                            , monitor_type     , mode  , n_samples, m_runs, avg_total_s         , avg_per_sample_s      , avg_per_sample_us
         1, (x < 0.5) and (x > -0.5)                        , discrete-time-cpp, online,     20000,     50, 0.049488238420017296, 2.4744119210008647e-06,  2.474411921000865
         2, "G[0,1000] (x > 0.5 -> F[0,100] (x < 0.0))"     , discrete-time-cpp, online,     20000,     50, 0.18657441246003145 , 9.328720623001573e-06 ,  9.328720623001573
         3, "(G[0,100] (x < 0.5)) or (G[100,150] (x > 0.0))", discrete-time-cpp, online,     20000,     50, 0.08970394251977268 , 4.485197125988634e-06 ,  4.485197125988634
         1, (x < 0.5) and (x > -0.5)                        , discrete-time    , online,     20000,     50, 0.06491051499986497 , 3.2455257499932484e-06,  3.2455257499932486
         2, "G[0,1000] (x > 0.5 -> F[0,100] (x < 0.0))"     , discrete-time    , online,     20000,     50, 1.1618064183999377  , 5.8090320919996884e-05, 58.090320919996884
         3, "(G[0,100] (x < 0.5)) or (G[100,150] (x > 0.0))", discrete-time    , online,     20000,     50, 0.22305568665986356 , 1.1152784332993177e-05, 11.152784332993177
